responseID,VCF0705
59986,2
59948,2
60005,1
59970,2
59998,2
59959,2
59994,2
59944,2
59956,2
59947,2
59965,1
59949,1
59969,1
59973,1
59950,2
59993,2
60008,1
59946,1
60015,1
59987,2
59967,2
60003,2
59989,2
59966,1
59976,1
59977,2
59974,2
59945,1
59964,2
59960,1
59978,1
59996,1
59954,2
60006,2
60002,2
60018,2
59958,1
60016,2
59991,1
60004,2
59981,1
59968,1
59971,2
60034,2
60009,1
59961,1
60041,1
60010,2
59979,2
59975,2
60014,1
59972,2
59982,1
59952,2
59951,2
60048,2
60038,2
60033,2
60022,2
59957,1
59997,2
59985,1
60030,2
60051,2
60024,2
60032,2
60046,1
59953,1
60011,1
60044,1
60023,2
59995,1
59984,2
60019,2
60001,1
60026,1
60028,1
60055,2
60047,2
59999,2
60012,1
60027,1
60025,2
59983,2
60069,1
60065,1
60060,1
59988,1
60057,2
60000,1
60068,2
60053,2
60052,2
59992,1
60007,1
60050,2
59990,1
60049,1
59963,1
60039,2
60020,1
60081,2
60063,2
60078,1
59962,1
60082,2
60080,2
60035,2
60013,1
60056,1
60098,2
60071,2
60031,1
60045,1
60021,1
60067,2
60076,2
60095,1
60075,2
60029,1
60093,1
60072,1
60036,2
60094,2
60043,1
60084,2
60066,1
60042,1
60079,2
60105,2
60092,1
60097,1
60054,2
60090,1
60058,2
60086,2
60064,2
60037,1
60083,1
60099,2
60070,1
60116,1
60096,2
60123,2
60073,1
60059,2
60104,2
60074,1
60110,2
60062,1
60113,2
60112,2
59980,1
60134,2
59955,2
60126,2
60128,1
60100,2
60135,1
60101,1
60118,1
60137,1
60107,1
60133,1
60125,2
60103,2
60136,2
60111,1
60061,2
60146,2
60089,1
60088,1
60077,2
60120,2
60085,1
60124,2
60091,2
60132,1
60114,2
60121,1
60143,2
60142,2
60153,2
60087,1
60129,1
60160,1
60108,1
60106,1
60131,1
60144,1
60140,1
60149,2
60165,1
60109,1
60017,2
60147,2
60119,2
60115,1
60139,2
60117,1
60122,2
60172,1
60173,2
60127,1
60159,2
60130,1
60167,1
60156,1
60161,2
60196,1
60152,1
60183,1
60145,2
60141,1
60163,1
60150,1
60102,2
60184,1
60180,1
60157,2
60166,2
60155,1
60187,2
60176,1
60169,2
60194,1
60192,2
60162,2
60170,1
60174,2
60185,1
60175,1
60214,1
60220,2
60138,1
60218,2
60178,2
60191,1
60179,2
60197,2
60198,1
60151,1
60193,1
60199,2
60189,2
60202,1
60207,1
60222,1
60154,2
60164,2
60217,1
60201,2
60208,1
60206,2
60203,2
60213,2
60212,2
60211,1
60177,1
60158,2
60235,2
60216,2
60182,1
60209,1
60205,1
60210,2
60204,1
60186,2
60229,1
60227,2
60247,2
60228,1
60190,2
60244,2
60171,1
60245,2
60195,1
60236,2
60226,2
60234,2
60200,2
60232,2
60237,1
60260,1
60239,2
60242,2
60264,1
60248,2
60241,1
60181,1
60267,2
60230,1
60246,1
60240,2
60233,1
60243,2
60148,2
60221,1
60276,2
60215,1
60223,1
60250,1
60224,2
60282,2
60283,1
60261,2
60287,2
60266,2
60256,1
60225,2
60278,2
60231,2
60188,2
60255,1
60271,2
60299,1
60263,1
60304,1
60238,1
60290,1
60296,2
60258,2
60277,2
60306,1
60288,1
60284,1
60286,1
60273,2
60281,2
60269,1
60289,2
60252,2
60253,1
60291,1
60262,2
60251,1
60301,2
60292,2
60305,2
60314,1
60322,2
60310,1
60254,1
60327,1
60280,1
60272,2
60333,2
60300,2
60297,2
60295,1
60334,2
60298,1
60268,2
60331,1
60313,2
60345,2
60308,2
60317,1
60219,2
60270,2
60340,1
60279,1
60329,2
60326,2
60324,1
60319,2
60293,2
60285,2
60352,2
60351,2
60274,2
60294,1
60354,1
60338,1
60303,1
60342,1
60330,1
60348,1
60344,2
60369,1
60302,1
60368,2
60367,1
60311,1
60372,2
60309,2
60356,2
60353,1
60337,1
60347,1
60321,2
60316,2
60315,2
60323,2
60370,2
60318,2
60350,1
60378,1
60379,1
60388,2
60377,2
60312,2
60328,2
60373,2
60366,2
60343,2
60376,1
60374,2
60332,1
60400,2
60325,2
60346,2
60399,2
60339,1
60381,2
60389,1
60385,2
60364,1
60393,2
60382,1
60361,2
60336,1
60396,1
60371,2
60391,1
60398,1
60392,2
60257,2
60410,2
60397,2
60387,2
60358,1
60395,2
60394,2
60360,1
60401,2
60407,2
60431,1
60375,1
60355,1
60420,2
60402,2
60384,1
60411,1
60406,2
60349,1
60438,1
60362,2
60275,1
60426,2
60413,2
60380,1
60365,1
60440,2
60418,2
60259,2
60437,2
60444,2
60408,2
60423,2
60417,1
60415,1
60447,2
60432,2
60390,2
60450,2
60443,2
60386,2
60404,2
60433,2
60429,2
60428,2
60459,2
60424,1
60403,1
60422,1
60448,2
60462,1
60409,2
60414,1
60454,1
60435,1
60405,1
60419,2
60363,2
60465,2
60446,2
60449,2
60383,2
60456,1
60460,1
60461,1
60427,2
60455,1
60451,2
60416,2
60483,2
60470,2
60487,1
60463,2
60478,1
60473,2
60481,2
60466,2
60442,2
60421,1
60475,2
60497,1
60425,1
60434,2
60464,1
60494,2
60439,1
60503,2
60458,1
60430,1
60502,2
60484,2
60498,1
60476,1
60436,1
60495,1
60445,1
60493,2
60491,2
60496,2
60452,1
60441,1
60468,2
60499,1
60482,2
60457,2
60467,1
60453,2
60472,2
60469,2
60474,2
60507,1
60489,2
60509,2
60514,2
60529,2
60525,2
60500,1
60512,2
60506,2
60488,2
60480,1
60516,1
60479,2
60523,1
60485,2
60520,2
60528,1
60539,2
60040,1
60515,1
60168,2
60521,1
60524,1
60510,1
60522,1
60518,1
60548,2
60551,1
60490,2
60527,1
60552,2
60519,2
60477,1
60534,1
60517,2
60537,2
60533,2
60530,2
60265,1
60536,1
60561,2
60501,2
60543,1
60492,2
60535,1
60531,1
60538,2
60471,2
60542,2
60505,2
60559,1
60511,2
60508,2
60570,1
60563,2
60553,1
60545,2
60562,2
60541,1
60549,1
60550,1
60547,2
60544,1
60577,2
60564,2
60558,1
60569,2
60554,1
60546,2
60582,2
60584,2
60526,1
60589,2
60540,1
60580,2
60555,2
60307,1
60607,2
60590,1
60592,2
60600,2
60587,2
60618,1
60575,1
60513,2
60597,2
60557,2
60585,2
60616,2
60610,1
60603,2
60588,1
60579,1
60605,1
60573,2
60598,2
60612,2
60606,1
60601,1
60583,1
60617,2
60412,2
60566,1
60568,2
60504,2
60532,1
60602,1
60591,1
60586,1
60576,2
60556,1
60565,2
60572,1
60594,2
60624,1
60571,2
60633,2
60623,1
60604,2
60636,2
60611,2
60620,2
60567,1
60629,1
60609,1
60639,2
60625,1
60593,1
60630,2
60622,2
60614,2
60632,1
60621,1
60596,1
60627,1
60599,2
60595,2
60651,2
60647,2
60578,1
60341,1
60643,2
60637,2
60641,2
60581,1
60608,1
60659,1
60652,2
60560,2
60661,2
60357,2
60664,2
60634,2
60613,2
60658,2
60574,1
60649,1
60646,1
60628,2
60666,1
60619,2
60631,1
60685,2
60650,2
60635,2
60696,2
60669,2
60683,2
60697,1
60626,2
60656,2
60675,2
60359,2
60668,1
60678,2
60663,2
60660,2
60640,2
60695,2
60320,2
60687,1
60682,2
60688,2
60677,2
60638,2
60684,1
60648,2
60645,1
60719,2
60486,1
60644,2
60642,1
60615,1
60335,2
60673,1
60692,2
60654,1
60680,2
60676,1
60653,1
60702,1
60657,1
60701,1
60691,2
60662,1
60655,2
60674,2
60665,2
60717,1
60709,2
60710,2
60703,2
60706,1
60712,2
60670,2
60721,2
60714,1
60700,2
60681,1
60726,2
60667,1
60716,1
60731,1
60711,2
60690,1
60746,2
60720,1
60725,1
60671,1
60694,2
60727,1
60689,2
60715,1
60738,2
60748,1
60699,2
60744,2
60735,2
60686,2
60733,2
60679,2
60740,1
60732,2
60713,2
60730,1
60698,2
60704,1
60705,2
60707,2
60708,1
60728,2
60737,2
60724,2
60768,1
60770,2
60745,1
60750,2
60751,2
60693,1
60772,1
60758,2
60722,2
60753,2
60764,2
60723,1
60766,2
60776,1
60749,1
60755,2
60718,1
60756,1
60761,2
60785,1
60774,2
60763,2
60672,1
60771,1
60765,2
60777,2
60739,2
60767,1
60780,1
60787,2
60789,1
60729,1
60734,1
60741,1
60743,1
60742,2
60784,1
60786,2
60790,1
60249,1
60752,2
60747,2
60788,2
60762,1
60782,1
60736,1
60757,1
60769,1
60759,2
60779,2
60778,1
60783,1
60775,1
60791,2
60781,1
60794,1
60792,1
60754,1
60793,2
60760,2
60798,2
60795,1
60796,2
60773,2
60797,2
60800,2
60801,1
60802,2
60799,1
60804,1
60803,2
60806,2
60807,2
60808,2
60810,2
60812,2
60809,2
60811,1
60805,1
60813,2
60814,2
60815,2
60816,2
60817,2
60819,1
60818,2
60820,1
60823,1
60821,2
60822,2
60825,1
60824,1
60827,2
60826,1
60829,1
60828,1
60830,2
60832,2
60831,1
60835,2
60833,1
60837,2
60834,1
60838,1
60836,2
60840,2
60839,1
60841,2
60842,2
60843,2
60845,1
60844,2
60846,2
60848,2
60847,1
60849,2
60850,1
60851,1
60852,2
60853,2
60855,1
60854,1
60858,2
60860,1
60857,1
60856,2
60861,2
60862,1
60859,1
60864,2
60865,2
60863,2
60868,2
60866,1
60867,2
60869,1
60871,2
60870,1
60874,1
60872,1
60875,1
60876,1
60877,1
60880,2
60878,1
60873,2
60881,2
60879,2
60882,2
60884,2
60885,1
60883,1
60886,1
60887,2
60889,1
60888,2
60890,2
60894,2
60891,1
60893,1
60892,2
60895,1
60896,2
60897,1
60898,2
60901,2
60900,1
60899,2
60903,2
60902,2
60904,1
60905,1
60908,2
60909,2
60906,2
60907,2
60911,2
60910,1
60912,1
60913,1
60914,1
60915,1
60917,1
60916,2
60920,2
60918,1
60922,1
60919,1
60921,2
60923,1
60925,1
60926,2
60924,1
60927,2
60928,1
60929,1
60930,1
60931,1
60932,2
60934,2
60933,1
60936,2
60937,1
60935,2
60940,2
60938,2
60942,1
60939,2
60941,2
60944,2
60945,2
60943,2
60947,2
60946,1
60948,1
60950,2
60949,1
60952,2
60951,1
60954,2
60955,2
60953,1
60957,2
60958,1
60956,2
60960,2
60961,2
60959,2
60962,1
60963,1
60965,2
60964,1
60968,2
60969,2
60966,2
60967,2
60971,1
60970,1
60972,1
60973,1
60974,2
60975,2
60976,2
60978,2
60977,2
60979,1
60981,1
60980,2
60982,1
60984,2
60983,1
60985,1
60987,2
60986,2
60988,1
60989,1
60992,2
60991,2
60990,2
60993,2
60995,1
60994,2
60998,2
60996,2
60997,1
60999,2
61000,2
61001,1
61002,1
61003,2
61004,2
61005,2
61006,2
61009,1
61007,1
61010,1
61008,2
61011,2
61013,1
61014,2
61012,2
61015,2
61016,1
61017,1
61018,1
61020,2
61021,2
61022,1
61023,1
61024,1
61025,2
61019,1
61026,1
61027,1
61028,2
61030,1
61031,2
61029,2
61033,2
61032,1
61035,2
61037,1
61034,1
61038,2
61036,2
61039,2
61043,2
61042,1
61041,2
61044,1
61045,2
61047,2
61048,1
61049,1
61050,1
61046,2
61040,2
61051,2
61055,1
61052,1
61053,2
61056,1
61054,2
61057,2
61058,2
61059,2
61060,1
61061,2
61063,1
61062,1
61064,2
61066,1
61065,1
61067,2
61071,1
61068,1
61070,2
61072,2
61069,2
61073,1
61074,1
61076,1
61075,2
61078,1
61077,1
61079,2
61080,2
61081,2
61084,1
61083,2
61082,1
61085,1
61088,1
61087,2
61086,2
61089,2
61092,2
61091,2
61090,1
61094,1
61093,2
61095,1
61096,2
61097,2
61098,2
61101,2
61099,2
61100,1
61102,2
61103,2
61105,1
61104,2
61106,2
61107,2
61110,1
61108,1
61112,1
61109,1
61111,2
61115,2
61113,1
61116,2
61114,2
61117,2
61119,2
61118,2
61121,1
61123,1
61120,1
61124,2
61126,2
61125,2
61128,2
61129,2
61127,1
61131,2
61130,2
61133,2
61134,2
61132,1
61135,2
61136,2
61122,1
61137,2
61139,2
61138,2
61140,2
61143,2
61142,2
61141,1
61145,2
61144,2
61146,1
61147,2
61149,2
61148,2
61150,1
61152,2
61151,2
61153,1
61154,1
61156,2
61155,2
61158,2
61159,2
61157,1
61161,1
61160,1
61163,2
61162,1
61164,1
61166,2
61167,1
61168,1
61169,1
61170,1
61171,1
61165,2
61172,2
61174,2
61173,2
61175,1
61176,2
61177,1
61178,2
61181,1
61179,2
61180,1
61184,2
61183,1
61182,1
61185,1
61186,1
61188,2
61187,1
61189,2
61190,1
61192,2
61193,1
61191,2
61195,2
61196,2
61194,1
61198,1
61199,2
61197,1
61201,2
61202,1
61203,2
61200,1
61205,1
61204,1
61206,2
61207,1
61209,1
61208,1
61210,1
61211,2
61212,2
61213,1
61214,1
61215,2
61216,1
61217,2
61219,2
61218,1
61220,2
61221,2
61224,2
61223,1
61225,1
61222,1
61226,2
61228,1
61229,1
61227,2
61231,1
61230,2
61232,1
61233,1
61234,1
61235,1
61237,1
61236,2
61239,1
61240,1
61238,1
61241,2
61243,1
61242,2
61245,1
61246,2
61244,1
61249,1
61247,1
61248,2
61250,1
61251,1
61252,2
61253,2
61256,2
61254,2
61257,1
61258,1
61255,1
61259,1
61260,2
61261,2
61262,1
61263,2
61264,1
61266,1
61265,2
61267,2
61270,1
61268,2
61269,2
61271,2
61272,2
61273,1
61275,1
61274,1
61276,1
61277,2
61280,2
61279,2
61282,1
61278,1
61284,1
61281,2
61285,1
61283,1
61286,2
61287,2
61288,1
61291,2
61289,1
61293,1
61290,2
61292,1
61294,1
61295,1
61296,2
61298,2
61297,2
61299,1
61303,2
61301,2
61302,1
61300,2
61304,2
61305,2
61307,1
61306,2
61308,1
61311,2
61309,2
61313,1
61315,2
61310,2
61312,2
61316,2
61314,2
61317,1
61320,1
61318,2
61319,1
61322,1
61321,2
61324,2
61325,2
61323,1
61327,2
61328,1
61329,1
61326,1
61330,2
61331,2
61332,1
61333,1
61335,2
61334,1
61336,2
61337,1
61338,2
61340,1
61341,1
61339,1
61342,2
61343,2
61344,1
61345,1
61347,2
61346,1
61349,1
61350,2
61348,2
61351,2
61352,2
61353,2
61355,1
61356,1
61357,2
61354,1
61358,2
61359,2
61361,2
61360,2
61362,2
61363,2
61364,2
61365,2
61366,2
61367,1
61368,2
61370,2
61369,1
61372,1
61371,2
61373,1
61374,1
61375,2
61376,2
61378,1
61377,2
61380,1
61379,2
61381,2
61382,2
61383,1
61384,1
61385,1
61386,2
61387,2
61388,1
61389,1
61390,2
61391,2
61392,2
61393,2
61394,2
61395,2
61396,2
61397,1
61398,2
61400,1
61399,2
61401,1
61402,2
61403,2
61404,2
61405,2
61407,1
61408,1
61406,1
61410,1
61409,2
61411,1
61413,2
61412,2
61416,2
61414,1
61415,2
61417,2
61419,1
61418,1
61420,2
61423,2
61421,1
61422,1
61425,2
61424,2
61427,2
61429,2
61426,2
61428,2
61430,1
61432,2
61431,1
61433,1
61434,1
61436,1
61435,1
61437,2
61439,2
61440,2
61438,1
61441,2
61443,2
61442,2
61444,2
61445,2
61447,2
61446,1
61448,2
61449,2
61450,1
61451,1
61452,1
61453,2
61454,1
61455,1
61456,1
61458,2
61459,1
61457,2
61461,2
61462,1
61460,1
61463,2
61464,2
61465,1
61466,1
61467,1
61469,2
61468,2
61471,1
61470,2
61473,2
61472,1
61475,1
61474,2
61477,2
61476,1
61478,2
61481,1
61479,1
61480,2
61483,2
61482,2
61484,2
61485,2
61486,1
61487,2
61488,2
61489,1
61490,2
61493,2
61491,2
61494,1
61492,2
61495,2
61496,1
61498,2
61499,2
61497,2
61500,2
61504,2
61505,2
61503,2
61507,2
61506,1
61501,1
61508,1
61510,1
61511,2
61509,2
61512,2
61513,1
61514,2
61515,2
61517,1
61516,1
61519,1
61518,2
61522,1
61502,1
61520,2
61521,2
61524,2
61523,1
61525,1
61528,2
61526,2
61529,1
61527,2
61531,1
61530,1
61532,1
61534,2
61535,1
61533,2
61536,2
61537,1
61539,1
61538,2
61540,2
61542,2
61541,2
61545,1
61544,1
61543,1
61546,1
61548,1
61547,2
61549,1
61550,2
61551,1
61553,2
61552,2
61555,1
61554,1
61556,2
61558,2
61557,1
61559,2
61560,1
61561,1
61562,1
61563,1
61567,2
61566,2
61564,2
61565,2
61570,2
61568,2
61569,1
61571,2
61573,1
61572,1
61574,2
61577,1
61575,2
61576,2
61578,2
61579,1
61581,1
61582,2
61580,1
61583,1
61585,1
61584,2
61586,1
61587,2
61588,2
61590,2
61591,1
61589,1
61592,1
61593,1
61595,2
61596,2
61594,2
61599,2
61598,1
61601,1
61597,1
61600,2
61602,1
61603,2
61604,1
61606,2
61607,2
61608,1
61605,1
61609,1
61610,2
61611,2
61612,2
61613,2
61615,2
61614,2
61617,1
61616,2
61620,1
61618,1
61621,2
61619,2
61624,1
61623,2
61625,1
61626,2
61628,1
61627,1
61631,1
61633,1
61630,1
61629,1
61632,1
61634,2
61635,2
61636,1
61638,1
61637,1
61639,2
61641,1
61640,1
61622,1
61642,2
61644,2
61646,2
61643,1
61645,1
61647,1
61648,1
61649,2
61651,1
61653,2
61652,2
61650,1
61654,2
61655,2
61656,2
61657,2
61658,2
61659,2
61661,1
61660,1
61662,2
61663,2
61665,2
61664,2
61666,2
61667,1
61668,1
61669,1
61670,2
61671,1
61672,2
61673,2
61675,2
61676,1
61677,1
61674,1
61679,1
61680,2
61678,2
61681,2
61682,1
61684,1
61685,1
61683,2
61686,2
61688,1
61689,1
61687,2
61692,2
61691,1
61690,2
61693,2
61694,1
61695,2
61696,2
61697,2
61698,1
61700,1
61699,1
61701,2
61702,2
61704,2
61703,1
61708,2
61705,1
61707,2
61706,1
61709,2
61710,1
61712,2
61713,1
61711,1
61715,2
61714,1
61716,1
61717,2
61718,2
61719,1
61720,1
61722,2
61723,2
61721,2
61725,2
61726,2
61724,1
61727,1
61729,1
61728,1
61730,1
61732,2
61733,2
61731,1
61735,2
61734,1
61737,2
61738,2
61740,1
61736,1
61739,2
61742,1
61741,2
61745,2
61744,2
61743,2
61747,1
61746,2
61749,2
61748,2
61750,1
61751,1
61752,1
61753,1
61754,1
61756,2
61757,1
61758,1
61755,2
61760,2
61761,2
61759,1
61763,2
61762,2
61765,2
61764,1
61767,1
61768,2
61770,2
61769,1
61772,2
61771,1
61774,2
61773,1
61776,1
61775,2
61777,1
61779,2
61778,1
61780,2
61781,1
61783,1
61782,1
61784,2
61785,1
61786,1
61787,2
61766,2
61788,1
61789,1
61791,2
61792,2
61790,2
61793,1
61794,1
61795,1
61797,2
61796,2
61799,1
61798,1
61801,1
61800,1
61802,2
61804,1
61805,1
61803,1
61806,1
61810,2
61808,1
61807,2
61809,2
61811,1
61813,2
61812,2
61815,2
61816,1
61814,1
61817,1
61818,2
61820,2
61819,1
61822,1
61821,2
61823,2
61824,2
61825,1
61826,2
61828,1
61827,1
61830,2
61829,2
61832,1
61831,2
61833,2
61834,2
61835,1
61836,2
61838,1
61840,2
61839,1
61837,2
61843,2
61841,1
61842,2
61845,1
61844,2
61847,2
61846,1
61848,1
61849,1
61850,2
61852,2
61851,1
61854,1
61853,1
61856,1
61857,2
61855,1
61858,2
61860,2
61859,1
61863,2
61862,1
61864,1
61868,2
61865,1
61867,2
61866,1
61870,1
61872,1
61871,1
61869,1
61874,2
61873,1
61861,2
61877,2
61876,2
61875,1
61878,2
61879,1
61880,1
61883,2
61881,1
61882,2
61884,1
61885,1
61887,2
61888,1
61886,1
61889,2
61890,1
61891,1
61892,1
61893,1
61895,2
61896,1
61894,1
61897,2
61898,2
61899,2
61900,2
61902,2
61901,1
61903,1
61906,1
61904,2
61905,2
61908,1
61907,1
61910,2
61912,2
61909,1
61913,2
61911,2
61915,1
61914,2
61917,1
61918,1
61921,1
61916,1
61919,1
61922,1
61924,1
61926,1
61925,2
61923,2
61929,1
61928,2
61930,2
61931,2
61920,1
61932,2
61935,2
61933,2
61927,1
61936,2
61934,1
61939,1
61937,1
61940,2
61938,1
61941,2
61944,2
61942,2
61943,2
61945,2
61947,1
61946,2
61948,2
61949,2
61951,1
61950,2
61953,2
61952,1
61954,2
61956,1
61955,1
61957,2
61958,1
61959,2
61960,2
61963,2
61961,2
61964,1
61965,1
61967,2
61966,1
61969,2
61968,2
61970,2
61971,1
61972,2
61973,2
61975,2
61974,1
61962,1
61977,2
61976,2
61979,2
61980,2
61981,1
61982,2
61983,2
61985,1
61986,2
61984,2
61978,2
61987,1
61990,1
61988,1
61989,2
61991,1
61992,1
61993,1
61994,2
61996,1
61997,1
61998,1
61995,1
61999,1
62000,1
62001,1
62004,1
62002,2
62006,2
62003,1
62007,2
62005,1
62008,2
62010,1
62009,2
62012,2
62011,2
62014,2
62015,1
62016,2
62017,2
62013,2
62018,1
62019,2
62021,2
62020,2
62023,1
62024,2
62025,1
62022,1
62028,1
62026,1
62029,2
62027,1
62031,2
62030,2
62033,2
62032,2
62035,2
62034,1
62036,2
62037,2
62038,1
62039,2
62041,2
62043,2
62040,1
62042,2
62044,1
62045,1
62048,1
62047,2
62046,2
62049,1
62051,1
62052,2
62050,1
62053,2
62054,1
62056,1
62057,1
62055,1
62059,1
62058,2
62061,2
62062,1
62060,2
62063,2
62065,2
62066,1
62064,2
62067,2
62068,2
62071,2
62069,1
62072,1
62070,1
62073,2
62074,2
62075,1
62077,2
62076,2
62080,2
62078,2
62081,2
62079,2
62082,2
62083,2
62084,2
62088,1
62085,1
62086,1
62087,2
62089,2
62090,1
62092,1
62091,2
62093,2
62095,1
62096,1
62094,1
62097,2
62099,2
62098,2
62102,1
62101,2
62100,2
62103,1
62104,2
62106,2
62105,1
62107,1
62109,2
62112,2
62108,1
62110,1
62111,2
62113,1
62115,2
62116,1
62114,2
62118,1
62119,1
62120,2
62117,2
62121,1
62123,2
62124,1
62125,1
62122,1
62126,1
62128,2
62127,1
62130,1
62129,1
62131,2
62134,2
62136,1
62132,2
62133,2
62137,1
62135,1
62139,2
62138,1
62140,2
62143,1
62144,1
62141,1
62142,1
62145,1
62146,1
62147,2
62149,2
62148,1
62151,1
62150,1
62152,1
62153,2
62155,2
62156,2
62154,2
62157,1
62158,1
62159,2
62161,2
62160,1
62163,1
62162,2
62165,1
62166,2
62164,2
62167,2
62170,2
62168,2
62169,1
62172,1
62171,2
62173,1
62176,2
62174,1
62175,1
62178,1
62177,1
62179,1
62182,1
62180,2
62183,1
62181,2
62184,2
62186,2
62185,2
62188,2
62189,1
62187,1
62190,2
62191,2
62193,2
62195,2
62192,1
62197,1
62194,2
62196,2
62200,1
62198,2
62201,1
62199,1
62202,2
62203,1
62204,2
62206,1
62207,2
62208,2
62209,1
62205,2
62210,2
62211,1
62213,1
62215,1
62212,2
62214,2
62216,2
62218,1
62217,1
62219,1
62220,1
62221,2
62223,2
62224,2
62222,1
62225,2
62226,2
62227,1
62228,2
62229,1
62230,1
62231,2
62233,2
62232,1
62234,2
62235,1
62237,2
62236,1
62238,2
62239,1
62242,2
62240,1
62244,2
62243,2
62241,2
62246,2
62245,2
62247,2
62248,1
62249,2
62250,1
62251,1
62255,2
62253,1
62252,2
62254,2
62256,1
62257,2
62258,2
62259,2
62260,2
62261,1
62262,2
62264,2
62265,2
62263,2
62267,2
62269,2
62271,2
62266,2
62268,2
62270,2
62273,1
62274,2
62272,2
62276,2
62278,2
62277,2
62280,1
62282,1
62279,2
62283,2
62284,2
62281,2
62285,2
62287,2
62286,2
62288,2
62290,1
62291,2
62289,1
62293,2
62292,1
62295,2
62294,2
62297,2
62296,2
62298,2
62300,1
62301,2
62299,2
62302,1
62303,2
62304,2
62305,1
62307,1
62308,2
62306,1
62309,2
62310,1
62311,1
62312,2
62313,2
62314,2
62275,1
62315,2
62318,1
62317,1
62320,2
62319,1
62316,1
62322,1
62321,2
62323,1
62325,2
62324,2
62326,1
62327,1
62330,2
62329,1
62328,1
62331,2
62332,2
62336,1
62333,2
62334,1
62335,2
62338,2
62337,2
62339,2
62341,2
62340,1
62342,2
62343,2
62344,2
62345,2
62346,2
62348,1
62347,1
62349,1
62350,2
62351,1
62354,2
62353,2
62352,1
62355,2
62357,1
62356,2
62358,2
62359,1
62360,2
62362,2
62363,2
62364,2
62365,1
62366,2
62361,1
62367,2
62369,1
62371,1
62370,2
62368,2
62372,2
62375,1
62373,1
62374,1
62377,2
62376,2
62381,2
62378,2
62379,1
62382,2
62380,1
62383,2
62386,2
62384,2
62385,1
62387,1
62389,1
62390,1
62388,1
62391,1
62395,2
62392,1
62397,1
62393,1
62394,1
62398,1
62396,1
62400,2
62399,2
62402,1
62404,1
62406,2
62403,1
62408,2
62405,1
62407,1
62409,2
62411,1
62410,1
62413,1
62414,2
62412,1
62415,2
62416,1
62417,1
62419,1
62420,1
62421,1
62425,1
62423,1
62422,1
62426,1
62424,2
62427,1
62428,1
62430,2
62429,2
62431,2
62432,2
62433,2
62435,1
62434,1
62436,1
62439,1
62438,2
62441,2
62437,2
62440,1
62442,1
62445,1
62444,1
62443,2
62446,2
62447,2
62449,1
62448,1
62450,2
62452,1
62453,1
62454,2
62456,2
62455,1
62458,1
62457,2
62459,2
62460,1
62462,1
62461,2
62463,2
62451,2
62466,2
62464,1
62465,2
62467,2
62468,2
62469,2
62470,1
62471,1
62472,1
62474,2
62475,1
62473,2
62476,1
62477,2
62479,1
62478,2
62480,1
62481,2
62484,1
62485,2
62486,1
62483,2
62482,2
62487,2
62488,2
62489,1
62490,2
62492,1
62491,2
62493,2
62494,2
62495,1
62496,1
62499,2
62497,2
62500,2
62501,2
62498,2
62502,2
62503,2
62506,2
62508,1
62504,2
62505,2
62507,2
62509,2
62512,1
62511,1
62510,1
62513,1
62516,2
62515,1
62514,2
62517,2
62519,2
62520,1
62521,1
62518,1
62522,1
62524,2
62523,2
62526,2
62528,1
62529,2
62525,1
62527,2
62530,2
62531,2
62533,1
62532,2
62534,2
62537,1
62538,2
62535,1
62536,2
62540,1
62541,1
62539,1
62542,2
62543,1
62545,1
62547,2
62544,1
62548,1
62546,2
62550,1
62551,1
62549,1
62553,2
62554,2
62552,2
62555,2
62557,2
62558,1
62559,1
62556,1
62562,2
62561,1
62560,1
62564,2
62565,1
62563,1
62567,2
62566,1
62568,2
62571,2
62573,1
62572,1
62569,1
62570,2
62574,2
62575,1
62577,2
62578,2
62579,1
62576,1
62581,1
62580,2
62582,2
62584,2
62586,1
62587,2
62585,1
62588,2
62591,2
62590,1
62589,1
62592,1
62595,1
62593,1
62596,2
62599,2
62598,2
62597,1
62601,1
62600,1
62603,2
62602,1
62604,2
62594,1
62606,1
62607,1
62605,2
62609,2
62608,2
62610,2
62612,1
62613,1
62614,2
62617,2
62615,2
62611,2
62616,2
62620,2
62619,2
62618,1
62621,1
62622,1
62624,1
62626,1
62623,1
62627,2
62625,2
62628,2
62629,1
62631,2
62630,2
62632,2
62637,2
62633,2
62638,1
62634,1
62640,1
62636,1
62639,2
62641,2
62642,2
62644,1
62643,2
62646,1
62648,2
62647,2
62650,1
62651,2
62652,1
62649,1
62655,2
62656,1
62653,1
62654,1
62657,1
62645,1
62658,1
62659,1
62635,1
62660,1
62661,2
62662,2
62663,2
62665,2
62666,1
62664,1
62667,1
62668,1
62670,2
62671,2
62673,1
62675,2
62672,1
62674,1
62676,1
62677,1
62678,1
62681,1
62679,2
62669,1
62680,2
62686,2
62684,1
62682,1
62683,2
62687,1
62689,1
62685,1
62690,2
62688,2
62691,2
62694,1
62693,1
62692,1
62695,2
62696,2
62697,2
62700,1
62698,2
62699,1
62701,1
62702,1
62703,1
62704,2
62705,1
62707,2
62706,2
62708,2
62709,2
62711,1
62710,2
62712,1
62713,1
62716,2
62718,1
62715,2
62714,1
62717,2
62719,2
62720,1
62723,2
62721,2
62724,1
62725,2
62722,2
62726,2
62727,1
62728,1
62729,1
62731,1
62730,2
62732,1
62735,1
62736,1
62733,2
62737,1
62734,1
62739,1
62738,2
62740,1
62742,2
62743,2
62741,2
62745,1
62744,2
62746,2
62747,1
62748,2
62749,2
62750,2
62751,1
62752,2
62753,2
62754,2
62755,2
62756,1
62758,1
62760,2
62757,2
62759,2
62761,2
62762,2
62763,1
62764,2
62766,1
62765,1
62767,1
62768,2
62769,2
62771,2
62774,1
62772,2
62773,2
62775,2
62770,2
62776,2
62778,1
62777,2
62779,2
62780,1
62781,2
62782,1
62783,2
62784,1
62787,1
62786,2
62785,2
62788,1
62789,2
62791,1
62790,1
62794,1
62792,1
62795,1
62793,1
62796,2
62799,2
62801,2
62797,1
62798,2
62802,1
62800,2
62803,2
62805,1
62804,1
62806,1
62809,1
62810,2
62808,1
62807,2
62812,2
62813,2
62811,1
62815,1
62816,1
62818,1
62817,1
62814,1
62820,2
62821,2
62819,1
62824,1
62823,2
62822,2
62401,1
62825,1
62828,1
62826,1
62827,2
62830,2
62832,1
62829,1
62834,1
62831,2
62835,1
62833,2
62838,1
62837,2
62418,2
62836,2
62841,1
62839,2
62840,1
62842,1
62845,1
62846,2
62843,1
62844,2
62848,1
62849,2
62847,1
62851,1
62850,1
62852,1
62853,1
62854,1
62855,1
62856,1
62857,1
62858,2
62859,1
62861,1
62860,2
62862,2
62863,1
62864,2
62866,2
62865,2
62867,2
62868,1
62869,2
62871,2
62872,1
62870,2
62874,2
62873,1
62875,1
62877,2
62876,2
62878,2
62880,2
62881,2
62879,2
62882,2
62884,1
62885,1
62883,2
62886,1
62888,2
62887,2
62889,2
62891,1
62892,2
62890,2
62894,2
62893,1
62895,1
62898,1
62899,2
62897,1
62896,2
62901,2
62902,2
62903,1
62900,1
62904,2
62906,2
62905,2
62909,1
62907,2
62908,2
62910,1
62912,1
62911,1
62913,2
62915,1
62914,2
62916,1
62917,1
62918,1
62920,2
62921,2
62923,1
62919,2
62924,2
62922,2
62926,2
62925,2
62927,1
62930,1
62928,2
62929,2
62931,2
62932,2
62934,1
62936,1
62935,1
62937,2
62939,2
62941,1
62933,1
62940,2
62942,2
62943,1
62944,2
62946,1
62945,2
62947,1
62948,1
62949,1
62950,1
62952,1
62951,2
62953,2
62955,1
62956,2
62954,1
62957,2
62959,1
62960,1
62958,2
62962,1
62963,1
62964,2
62961,2
62967,1
62966,2
62965,2
62968,2
62969,1
62971,2
62970,2
62973,1
62974,1
62972,1
62976,1
62975,2
62977,2
62978,1
62980,2
62981,1
62979,2
62982,1
62983,2
62985,1
62986,1
62984,2
62987,1
62988,2
62989,2
62990,1
62991,1
62993,1
62992,2
62994,1
62995,1
62996,1
62997,1
62998,1
62999,2
63000,1
63001,2
63002,2
63004,1
63003,2
63005,2
63008,1
62583,2
63006,2
63007,1
63009,1
63010,1
63011,2
63013,1
63012,2
63014,2
63015,1
63016,1
63018,2
63017,2
63020,1
63021,1
63019,1
63022,1
63024,2
63023,2
63025,2
63027,2
63026,2
63028,1
63031,2
63033,1
63030,1
63032,2
63029,2
63035,2
63034,2
63037,1
63036,2
63038,2
63040,1
63039,2
63042,2
63043,2
63046,1
63044,2
63049,2
63047,2
63048,1
63045,1
63052,1
63050,2
63053,2
63041,1
63056,1
63051,2
63055,1
63054,2
63057,2
63058,1
63061,2
63059,2
63060,1
63063,2
63062,1
63064,1
63066,1
63067,1
63065,1
63068,2
63069,1
63071,1
63070,1
63072,1
63073,1
63075,2
63076,1
63074,1
63079,2
63077,1
63078,1
63082,2
63080,1
63083,1
63084,2
63081,1
63085,1
63087,1
63086,2
63088,2
63090,2
63092,1
63093,1
63089,1
63094,2
63091,1
63095,1
63096,1
63098,2
63097,2
63100,1
63099,2
63103,1
63101,2
63104,1
63102,1
63106,2
63107,2
63108,1
63109,2
63105,1
63111,1
63114,2
63115,2
63112,2
63116,2
63113,1
63118,1
63119,2
63117,1
63120,2
63122,1
63121,1
63110,2
63125,1
63124,1
63123,1
63127,2
63128,2
63126,2
63129,1
63130,2
63131,1
63132,1
63133,2
63134,2
63135,2
63139,2
63138,1
63140,1
63137,1
63136,1
63143,1
63142,1
63141,1
63144,1
63145,1
63146,1
63147,1
63148,1
63150,1
63149,1
63151,1
63154,2
63153,2
63155,2
63156,2
63157,1
63152,2
63158,2
63159,2
63161,2
63162,2
63164,2
63163,2
63166,2
63167,2
63165,2
63168,1
63171,1
63169,1
63170,2
63172,2
63173,1
63160,2
63175,2
63176,2
63174,1
63177,1
63179,1
63180,2
63181,2
63182,1
63178,2
63183,1
63185,2
63184,2
63187,2
63186,1
63188,1
63189,2
63190,1
63192,1
63191,2
63194,1
63195,2
63196,1
63193,1
63198,1
63197,1
63201,2
63199,2
63202,2
63200,1
63203,1
63205,1
63204,2
63207,2
63208,1
63206,1
63211,1
63209,1
63210,2
63212,1
63214,1
63215,1
63213,1
63217,1
63219,1
63216,2
63218,2
63221,2
63222,2
63220,1
63223,1
63224,2
63226,1
63225,2
63227,2
63229,1
63228,2
63230,1
63233,2
63232,2
63236,2
63234,2
63235,1
63237,1
63239,2
63240,1
63241,2
63238,2
63242,1
63245,1
63243,1
63244,1
63246,1
63247,2
63250,2
63248,2
63249,1
63253,1
63251,1
63254,2
63256,1
63231,1
63255,1
63259,2
63257,2
63258,1
63261,1
63260,2
63263,1
63264,1
63262,1
63265,1
63252,1
63266,2
63267,1
63270,2
63268,2
63269,1
63272,2
63271,1
63273,2
63274,1
63275,1
63278,1
63277,2
63276,2
63279,2
63281,2
63280,1
63282,2
63284,2
63283,2
63286,1
63285,2
63287,1
63291,2
63289,2
63290,2
63293,2
63292,2
63288,1
63296,1
63294,1
63295,2
63299,1
63298,1
63300,2
63297,2
63301,2
63302,2
63304,2
63303,1
63306,1
63307,2
63305,1
63308,2
63309,1
63310,1
63312,2
63311,2
63313,1
63315,1
63314,2
63318,1
63316,2
63319,1
63317,2
63320,1
63323,1
63322,1
63324,2
63328,2
63325,1
63326,2
63329,1
63330,2
63327,1
63331,1
63332,1
63334,1
63321,1
63333,1
63335,2
63336,1
63338,1
63337,1
63340,1
63341,1
63339,1
63344,2
63342,2
63345,1
63343,1
63346,1
63349,2
63348,1
63347,1
63351,2
63350,1
63352,2
63354,1
63353,1
63355,1
63356,1
63357,1
63358,1
63359,1
63360,2
63361,2
63362,2
63364,2
63363,1
63365,2
63366,1
63367,1
63369,1
63370,1
63368,1
63372,1
63373,2
63371,2
63374,2
63376,1
63378,1
63375,1
63377,2
63379,1
63380,2
63382,1
63383,1
63384,1
63385,1
63386,2
63388,2
63389,2
63387,2
63392,1
63381,2
63390,2
63391,2
63393,2
63394,2
63396,2
63395,2
63397,1
63398,2
63399,1
63400,2
63402,2
63401,2
63404,2
63403,2
63406,1
63405,1
63407,2
63410,1
63411,2
63409,1
63408,1
63413,1
63412,2
63415,1
63414,1
63416,2
63417,1
63418,2
63419,1
63420,2
63422,2
63421,2
63424,2
63423,2
63426,1
63427,1
63425,2
63429,2
63428,2
63433,2
63434,2
63431,1
63432,1
63435,2
63436,1
63437,2
63439,1
63440,1
63430,1
63441,1
63442,1
63445,2
63446,1
63443,1
63444,2
63447,2
63448,1
63450,1
63449,1
63451,1
63452,2
63438,2
63453,2
63456,2
63454,2
63455,1
63457,1
63458,2
63459,1
63460,2
63461,1
63462,2
63463,2
63464,1
63465,2
63466,2
63467,2
63469,2
63468,2
63472,2
63471,2
63470,2
63474,2
63475,2
63473,1
63477,1
63480,1
63476,1
63478,1
63479,1
63481,2
63482,1
63484,2
63483,1
63485,2
63487,2
63488,1
63489,2
63486,1
63490,2
63493,2
63491,1
63494,2
63492,2
63495,1
63496,2
63498,2
63497,2
63499,1
63502,2
63500,2
63503,2
63504,2
63501,2
63506,2
63505,2
63508,1
63509,1
63507,1
63510,2
63511,1
63512,1
63514,2
63513,2
63515,1
63518,1
63516,1
63517,2
63520,1
63522,2
63519,1
63521,1
63523,2
63525,2
63526,1
63524,2
63528,1
63527,2
63530,2
63529,1
63531,1
63532,1
63535,2
63534,2
63533,1
63536,2
63537,2
63538,2
63540,1
63539,1
63541,1
63542,2
63545,2
63543,2
63546,1
63544,2
63548,2
63547,2
63549,1
63550,1
63552,1
63553,2
63551,2
63555,1
63554,2
63556,2
63557,2
63558,1
63559,1
63561,2
63560,1
63562,1
63564,1
63563,1
63566,1
63565,1
63567,2
63568,1
63569,1
63570,2
63572,2
63571,1
63574,2
63575,1
63573,2
63576,2
63577,1
63578,2
63579,1
63580,1
63582,1
63581,1
63583,2
63584,1
63585,1
63587,1
63586,2
63589,1
63588,2
63590,1
63591,2
63593,1
63594,2
63592,2
63595,1
63596,2
63597,1
63600,1
63601,2
63598,2
63599,1
63602,2
63603,1
63606,2
63605,2
63607,2
63604,1
63610,2
63608,2
63609,1
63611,2
63612,1
63614,1
63613,1
63616,1
63617,1
63615,2
63618,1
63619,1
63620,2
63621,2
63622,2
63623,2
63625,1
63626,1
63624,1
63628,1
63627,1
63630,1
63631,2
63629,1
63633,1
63632,1
63634,2
63637,2
63636,1
63638,2
63635,2
63641,1
63639,1
63642,2
63640,2
63643,1
63644,1
63646,2
63645,1
63647,1
63648,2
63649,2
63651,1
63650,2
63652,2
63655,1
63654,2
63653,2
63658,2
63657,2
63656,1
63659,2
63661,2
63660,1
63662,2
63663,1
63665,2
63664,1
63666,2
63667,1
63669,1
63670,2
63668,2
63673,1
63672,2
63671,2
63676,1
63674,2
63677,2
63675,1
63678,2
63680,1
63681,2
63679,2
63682,1
63684,1
63687,1
63685,1
63686,1
63688,1
63689,2
63690,1
63692,1
63693,2
63691,1
63694,1
63695,2
63696,1
63697,1
63698,1
63699,1
63700,2
63701,2
63703,1
63705,1
63704,2
63702,2
63706,2
63683,1
63708,1
63710,2
63709,1
63707,2
63712,1
63711,2
63713,1
63714,2
63715,1
63716,2
63717,1
63719,2
63718,2
63720,2
63721,1
63722,1
63723,2
63725,1
63727,1
63726,2
63728,1
63730,2
63731,1
63729,2
63732,2
63733,2
63734,2
63735,2
63736,2
63724,2
63738,1
63737,2
63740,2
63739,1
63741,1
63743,1
63744,2
63742,2
63745,2
63747,2
63746,2
63749,2
63748,1
63750,1
63753,2
63751,2
63752,1
63754,2
63756,2
63755,2
63758,2
63757,1
63759,2
63760,1
63761,1
63762,2
63764,1
63763,2
63766,2
63765,1
63767,2
63768,2
63769,2
63770,1
63771,2
63772,1
63774,1
63775,1
63773,1
63776,2
63777,2
63781,1
63780,1
63778,1
63782,1
63779,1
63784,1
63786,2
63783,2
63785,1
63789,1
63788,1
63787,2
63790,1
63791,2
63793,1
63792,2
63795,2
63796,2
63797,2
63794,2
63799,1
63800,1
63798,1
63801,1
63802,2
63803,1
63804,2
63805,1
63806,1
63808,2
63809,2
63812,2
63810,2
63814,1
63807,1
63811,1
63813,1
63815,1
63816,2
63817,1
63818,2
63819,1
63820,2
63822,2
63821,1
63824,1
63823,2
63825,2
63826,1
63828,2
63829,1
63827,2
63830,2
63831,2
63832,2
63833,2
63834,2
63835,1
63836,1
63837,2
63838,1
63839,1
63840,2
63842,2
63841,1
63843,2
63845,2
63844,1
63846,1
63848,1
63849,2
63847,2
63850,2
63852,2
63851,2
63855,2
63856,2
63853,2
63857,2
63854,2
63858,2
63859,2
63861,2
63862,1
63863,1
63860,2
63864,1
63865,1
63866,1
63867,2
63868,1
63871,2
63869,1
63870,1
63872,1
63874,1
63873,2
63876,2
63875,2
63877,2
63879,2
63878,1
63880,2
63881,1
63883,1
63882,2
63884,2
63885,2
63886,2
63888,1
63887,1
63889,2
63890,2
63891,1
63894,1
63893,1
63895,1
63897,2
63896,1
63898,1
63899,1
63892,1
63900,1
63901,2
63902,1
63904,2
63905,2
63903,1
63906,2
63907,2
63908,2
63911,1
63909,2
63910,1
63913,1
63912,2
63915,2
63914,1
63916,2
63918,2
63919,1
63917,1
63921,2
63920,2
63923,1
63922,1
63925,2
63924,1
63926,2
63929,1
63928,1
63927,1
63930,2
63931,1
63934,1
63933,1
63932,2
63935,1
63937,2
63936,2
63938,2
63940,1
63939,1
63941,1
63942,2
63945,1
63943,1
63946,1
63947,1
63944,2
63948,1
63951,2
63949,1
63952,1
63950,1
63953,2
63954,2
63956,2
63955,2
63958,1
63957,1
63960,1
63959,1
63962,1
63963,1
63964,2
63965,2
63966,2
63968,2
63967,2
63961,1
63969,1
63971,2
63970,1
63973,2
63972,1
63974,2
63975,1
63976,2
63977,1
63978,2
63980,2
63979,1
63983,2
63982,2
63981,2
63985,1
63986,2
63984,2
63987,1
63989,2
63990,2
63988,1
63992,1
63991,2
63993,2
63994,2
63995,2
63996,2
63997,1
63998,2
64000,1
63999,2
64002,2
64003,1
64001,2
64004,1
64006,2
64005,1
64007,1
64008,1
64009,1
64010,1
64012,1
64014,2
64013,2
64016,1
64015,2
64017,1
64019,2
64018,1
64011,2
64021,1
64020,2
64023,1
64024,2
64022,2
64027,1
64025,2
64028,2
64026,2
64030,2
64029,2
64033,1
64031,2
64035,2
64034,1
64036,2
64032,1
64037,2
64038,1
64039,1
64040,1
64041,1
64042,1
64043,2
64045,2
64044,1
64046,2
64048,1
64047,2
64049,1
64052,1
64050,1
64051,1
64054,2
64053,1
64057,2
64056,1
64059,1
64055,2
64058,1
64060,1
64061,2
64062,2
64063,2
64065,1
64064,2
64067,2
64066,1
64068,2
64069,1
64070,2
64072,1
64073,1
64074,1
64071,2
64075,1
64076,1
64077,1
64079,2
64078,1
64080,1
64081,2
64082,1
64083,2
64085,2
64084,1
64088,1
64086,2
64087,2
64089,1
64090,2
64092,1
64093,2
64091,1
64094,2
64095,2
64096,2
64098,2
64097,1
64100,2
64099,2
64101,1
64103,1
64102,2
64104,1
64105,1
64106,2
64107,2
64108,2
64109,2
64110,2
64112,2
64113,1
64111,1
64116,1
64114,1
64117,2
64115,1
64119,1
64121,2
64118,1
64123,2
64122,2
64120,2
64125,2
64124,1
64126,2
64128,2
64127,1
64130,1
64132,2
64129,2
64131,2
64134,2
64133,1
64136,1
64135,2
64138,2
64137,1
64139,2
64140,1
64142,1
64141,2
64144,1
64143,1
64146,2
64145,1
64148,1
64150,1
64147,2
64149,1
64151,2
64152,1
64153,1
64154,1
64155,2
64158,2
64157,2
64156,1
64159,1
64161,1
64162,2
64160,2
64163,1
64165,1
64164,1
64166,1
64168,1
64169,2
64167,2
64172,2
64170,2
64171,2
64173,1
64174,1
64175,1
64176,2
64177,2
64179,2
64180,2
64178,1
64182,2
64184,2
64181,2
64183,1
64186,1
64185,2
64187,1
64188,2
64191,2
64190,2
64189,1
64192,2
64193,2
64194,2
64196,2
64195,1
64197,2
64198,1
64200,2
64199,2
64201,2
64204,1
64203,2
64205,2
64202,2
64207,2
64208,1
64206,1
64210,1
64209,1
64212,1
64214,2
64211,1
64213,2
64215,1
64217,1
64216,1
64219,1
64218,2
64221,2
64222,2
64223,2
64220,1
64225,1
64226,2
64224,1
64228,1
64227,1
64230,1
64229,2
64233,1
64232,1
64231,1
64235,1
64236,1
64234,2
64238,1
64240,1
64237,1
64241,1
64239,1
64242,2
64244,2
64243,2
64245,1
64246,2
64248,2
64247,1
64251,2
64252,2
64249,1
64250,2
64253,2
64254,2
64255,2
64258,2
64256,1
64257,2
64260,1
64259,1
64263,2
64261,1
64262,2
64264,1
64265,2
64267,1
64266,1
64269,1
64268,1
64270,1
64271,1
64272,1
64273,1
64276,1
64274,2
64275,2
64277,1
64279,2
64278,2
64280,1
64282,2
64283,1
64281,2
64285,1
64286,1
64284,2
64289,2
64287,1
64290,2
64288,2
64291,1
64293,2
64294,2
64292,1
64296,2
64295,1
64297,1
64299,2
64301,2
64298,2
64300,1
64302,1
64303,2
64304,1
64305,1
64307,1
64306,2
64308,1
64309,1
64310,1
64312,2
64313,1
64311,1
64314,1
64315,1
64316,1
64317,2
64318,2
64319,2
64320,2
64321,2
64322,2
64323,2
64325,1
64324,1
64327,2
64326,1
64328,1
64331,2
64332,1
64330,2
64333,1
64334,1
64336,2
64335,1
64329,2
64337,2
64340,2
64341,1
64339,1
64342,1
64343,2
64344,1
64345,1
64346,1
64338,1
64347,2
64350,1
64351,1
64349,1
64352,2
64353,2
64355,1
64354,2
64357,2
64356,2
64358,2
64359,2
64360,2
64361,2
64362,2
64364,2
64363,2
64366,1
64365,1
64368,1
64369,2
64367,2
64370,2
64371,1
64372,2
64373,1
64375,2
64374,2
64376,1
64379,1
64377,1
64378,2
64382,1
64380,1
64381,1
64383,1
64387,1
64384,1
64389,2
64385,2
64386,2
64388,2
64391,1
64392,2
64390,1
64394,1
64393,2
64395,2
64396,1
64398,2
64348,1
64399,2
64401,2
64402,2
64400,1
64403,2
64397,2
64406,1
64405,2
64404,2
64407,1
64408,1
64410,2
64411,1
64409,2
64412,1
64415,2
64413,2
64414,1
64419,1
64417,2
64416,2
64418,1
64420,2
64421,1
64422,2
64423,2
64425,1
64424,2
64426,1
64428,2
64430,2
64427,2
64429,1
64431,1
64432,1
64433,2
64434,2
64435,1
64437,2
64438,1
64436,1
64439,1
64441,1
64440,1
64443,2
64444,1
64442,2
64445,1
64448,2
64449,1
64447,2
64450,1
64451,1
64446,1
64454,2
64453,1
64452,1
64455,2
64456,2
64457,2
64458,1
64460,2
64459,1
64461,1
64462,2
64464,1
64465,2
64463,2
64466,2
64469,2
64468,1
64470,1
64471,2
64473,1
64474,2
64472,2
64475,1
64476,2
64479,2
64477,2
64478,1
64467,2
64480,1
64482,2
64481,1
64483,1
64485,1
64484,2
64486,2
64487,1
64488,2
64490,1
64489,1
64491,1
64493,2
64494,2
64492,2
64497,1
64496,2
64499,2
64498,2
64495,1
64501,2
64503,2
64500,1
64502,2
64504,2
64505,2
64506,2
64509,2
64507,2
64511,2
64508,1
64513,1
64510,2
64514,2
64512,2
64516,2
64517,1
64515,1
64518,1
64519,1
64521,2
64520,2
64525,1
64522,2
64523,1
64524,2
64527,2
64526,1
64528,2
64529,1
64530,2
64531,2
64533,2
64534,1
64532,2
64535,1
64537,1
64538,2
64536,2
64539,1
64540,2
64541,2
64542,2
64544,2
64543,2
64546,2
64547,2
64545,2
64548,2
64550,1
64549,2
64551,2
64553,1
64552,2
64554,2
64555,2
64557,2
64556,2
64558,2
64560,2
64562,1
64561,1
64559,2
64563,1
64566,2
64564,2
64565,1
64567,2
64569,1
64570,1
64568,2
64572,2
64571,1
64573,2
64574,2
64576,2
64577,1
64575,1
64578,2
64579,2
64581,2
64582,1
64584,2
64580,1
64583,2
64586,1
64585,2
64587,1
64588,2
64590,1
64589,1
64591,2
64592,1
64593,2
64596,2
64597,1
64595,2
64598,1
64594,1
64599,2
64600,1
64603,1
64601,2
64602,2
64606,1
64604,1
64605,1
64607,2
64608,2
64609,1
64610,2
64611,2
64613,2
64612,2
64614,2
64617,1
64616,2
64618,1
64615,2
64619,1
64621,1
64622,2
64620,1
64623,1
64626,1
64625,1
64624,2
64630,1
64627,2
64628,2
64629,2
64631,1
64633,1
64632,2
64634,1
64635,1
64637,1
64639,1
64636,1
64638,1
64640,1
64642,1
64644,1
64641,2
64643,1
64645,1
64646,1
64647,2
64649,2
64648,1
64652,2
64651,2
64650,1
64654,2
64653,1
64655,1
64656,1
64659,2
64657,1
64658,2
64661,2
64660,2
64663,1
64662,1
64664,1
64665,2
64666,1
64668,1
64667,1
64670,2
64671,2
64669,2
64675,1
64673,1
64672,1
64676,1
64677,2
64678,2
64681,1
64682,2
64683,1
64680,2
64679,2
64684,1
64686,1
64685,2
64674,1
64689,1
64687,1
64690,1
64688,2
64692,2
64693,2
64691,1
64695,1
64694,2
64696,1
64697,2
64698,2
64701,1
64702,2
64700,2
64699,1
64703,2
64704,2
64706,2
64707,2
64710,2
64711,1
64708,1
64705,2
64709,2
64713,2
64712,1
64716,2
64718,2
64715,2
64717,1
64720,1
64721,2
64719,1
64722,2
64723,1
64725,2
64724,2
64727,1
64714,2
64726,1
64728,1
64731,2
64732,2
64730,2
64729,1
64734,2
64736,2
64735,2
64737,2
64740,1
64739,1
64738,2
64742,1
64741,2
64745,1
64743,2
64746,2
64744,1
64749,1
64747,2
64751,2
64733,2
64748,1
64752,2
64753,2
64750,2
64754,2
64757,2
64756,1
64758,1
64755,2
64759,1
64760,1
64761,1
64763,1
64762,2
64767,1
64764,1
64766,2
64765,1
64768,2
64769,1
64771,2
64773,1
64770,1
64772,1
64774,1
64775,1
64776,1
64777,1
64778,2
64779,1
64781,1
64782,1
64780,1
64783,2
64784,1
64786,2
64785,1
64787,1
64788,2
64789,1
64791,2
64790,1
64792,2
64793,2
64794,2
64797,2
64795,1
64798,1
64796,2
64799,2
64801,2
64802,2
64803,2
64800,1
64804,2
64806,2
64805,2
64808,1
64807,2
64810,2
64809,1
64814,2
64811,2
64812,1
64815,1
64813,1
64816,1
64818,1
64820,1
64819,2
64817,1
64822,2
64821,2
64823,1
64825,1
64824,1
64826,1
64827,2
64828,2
64830,2
64829,1
64832,2
64831,1
64833,2
64834,2
64836,2
64835,2
64837,1
64838,2
64840,2
64839,1
64841,1
64842,2
64843,2
64844,2
64845,2
64846,1
64848,2
64847,1
64850,2
64849,1
64852,1
64853,2
64856,2
64855,1
64854,1
64858,2
64857,2
64859,2
64860,2
64851,
64861,1
64863,2
64862,1
64865,1
64866,2
64864,2
64868,2
64867,2
64869,2
64870,1
64871,1
64872,2
64873,2
64874,2
64875,1
64877,1
64879,2
64876,1
64880,1
64878,1
64881,2
64882,1
64883,1
64884,1
64885,1
64886,2
64887,2
64888,1
64889,2
64891,1
64890,2
64892,1
64893,2
64895,1
64894,1
64896,1
64900,1
64898,2
64901,2
64897,1
64902,1
64903,2
64899,2
64905,1
64904,1
64906,2
64908,2
64907,2
64910,2
64909,1
64912,1
64911,1
64913,2
64914,2
64916,1
64915,2
64917,2
64918,1
64920,2
64919,2
64921,2
64923,1
64922,2
64925,2
64924,2
64926,2
64927,2
64928,1
64929,2
64932,2
64930,1
64933,2
64931,2
64935,1
64934,2
64936,1
64937,2
64939,2
64940,2
64938,2
64941,1
64943,2
64944,2
64942,2
64945,2
64947,1
64946,2
64948,2
64950,2
64951,1
64949,2
64954,2
64953,1
64952,2
64955,2
64956,1
64959,2
64957,1
64958,2
64960,1
64961,2
64963,1
64962,2
64965,2
64966,2
64964,1
64968,1
64967,1
64969,2
64971,2
64970,1
64972,1
64973,2
64974,1
64975,1
64977,1
64978,2
64976,1
64979,2
64980,2
64981,1
64983,2
64982,1
64984,2
64985,1
64986,2
64987,2
64988,1
64989,1
64991,2
64990,1
64992,1
64993,2
64995,1
64994,1
64997,1
64996,1
64998,1
65000,1
64999,2
65003,2
65001,1
65002,2
65005,1
65006,1
65004,2
65008,1
65010,2
65009,2
65007,2
65012,2
65015,2
65013,2
65014,2
65016,1
65011,2
65017,1
65019,1
65018,2
65020,1
65022,1
65021,1
65023,1
65025,2
65024,2
65026,2
65027,2
65028,1
65029,1
65031,1
65032,2
65030,2
65034,1
65033,1
65035,2
65038,1
65037,2
65036,2
65040,2
65042,1
65041,2
65039,2
65043,2
65046,2
65044,2
65045,2
65047,1
65048,2
65049,2
65050,2
65052,2
65053,1
65051,1
65054,2
65055,2
65056,2
65058,1
65057,1
65059,2
65060,2
65061,1
65063,1
65064,2
65062,2
65065,2
65066,2
65067,1
65068,2
65069,2
65072,2
65070,2
65071,1
65074,2
65073,1
65075,1
65076,2
65077,2
65078,1
65079,2
65080,1
65082,1
65083,1
65081,1
65084,2
65088,2
65085,2
65089,2
65086,1
65090,2
65087,2
65091,2
65092,1
65095,2
65093,2
65097,2
65098,2
65096,2
65100,1
65099,1
65101,1
65102,2
65103,1
65105,2
65104,1
65108,1
65109,1
65106,1
65110,2
65107,1
65111,2
65112,1
65114,2
65113,1
65115,2
65094,1
65116,2
65120,2
65117,1
65118,2
65119,1
65121,2
65122,1
65123,2
65124,2
65125,2
65126,1
65128,2
65127,2
65129,1
65130,1
65131,1
65132,1
65134,1
65136,1
65133,2
65137,1
65135,1
65138,1
65140,1
65142,2
65139,1
65143,2
65146,1
65147,1
65144,2
65145,1
65148,2
65149,2
65151,1
65150,2
65141,2
65154,2
65152,2
65155,1
65156,2
65153,2
65157,1
65158,1
65160,2
65159,2
65161,2
65162,1
65163,2
65164,2
65165,2
65167,2
65166,2
65169,2
65168,1
65172,1
65171,2
65170,2
65174,1
65176,2
65173,1
65175,1
65178,2
65181,2
65177,2
65179,1
65180,2
65183,2
65184,2
65182,2
65185,2
65186,1
65187,2
65190,2
65188,1
65189,1
65193,1
65191,1
65192,2
65194,1
65198,1
65197,2
65196,1
65195,1
65199,1
65200,2
65201,1
65203,2
65202,1
65204,2
65206,1
65207,1
65205,2
65209,2
65211,1
65208,1
65210,2
65213,1
65214,2
65216,2
65215,1
65219,2
65217,1
65218,2
65221,1
65220,2
65222,2
65223,1
65212,1
65224,1
65226,2
65225,2
65228,2
65229,1
65227,2
65230,1
65231,2
65232,1
65233,2
65234,2
65236,2
65235,1
65237,2
65238,1
65239,1
65241,2
65243,2
65240,1
65242,2
65244,2
65245,1
65247,2
65246,1
65248,1
65249,2
65251,2
65252,1
65250,1
65253,1
65256,2
65255,1
65254,2
65257,1
65258,2
65260,2
65261,1
65259,2
65262,2
65263,2
65265,2
65264,2
65267,2
65266,2
65268,1
65270,2
65269,2
65272,2
65271,2
65273,1
65275,1
65274,2
65276,1
65277,2
65278,2
65280,1
65279,2
65281,1
65282,2
65284,2
65283,1
65285,2
65286,2
65287,1
65290,1
65288,2
65291,1
65292,2
65289,2
65293,2
65294,1
65295,1
65296,2
65297,2
65298,1
65299,1
65301,2
65300,1
65302,1
65303,2
65305,2
65304,2
65306,2
65308,2
65307,1
65309,1
65312,1
65311,1
65310,1
65313,1
65314,1
65317,2
65315,1
65316,2
65318,1
65320,2
65321,1
65319,2
65322,2
65323,1
65324,2
65328,1
65327,1
65326,1
65325,1
65330,2
65331,1
65329,2
65333,2
65334,1
65332,1
65335,2
65336,1
65338,1
65340,2
65339,1
65342,1
65343,2
65341,1
65345,2
65344,1
65346,1
65347,1
65348,2
65349,2
65350,2
65352,2
65351,1
65337,1
65353,1
65354,2
65357,2
65356,1
65355,2
65359,1
65358,2
65361,1
65362,1
65363,2
65360,2
65365,1
65364,1
65366,1
65368,1
65367,1
65372,1
65371,2
65369,1
65373,2
65370,1
65374,2
65375,2
65378,2
65377,1
65376,2
65379,2
65381,1
65380,2
65382,2
65384,2
65383,1
65385,2
65386,1
65387,2
65388,2
65389,1
65392,2
65390,1
65391,2
65393,2
65395,1
65396,2
65394,2
65397,1
65398,2
65399,2
65400,2
65401,2
65402,2
65405,2
65404,1
65403,1
65407,1
65406,2
65409,2
65408,2
65410,1
65411,1
65413,2
65412,2
65415,2
65414,1
65416,1
65417,1
65418,2
65419,1
65422,2
65420,2
65421,2
65423,1
65424,1
65425,2
65426,2
65427,1
65428,2
65431,2
65429,2
65432,1
65430,2
65433,1
65434,1
65437,1
65439,2
65436,1
65438,2
65441,2
65440,2
65443,2
65444,2
65442,2
65445,2
65435,2
65447,2
65446,1
65449,1
65450,2
65448,2
65454,1
65451,1
65453,2
65455,2
65456,1
65452,1
65457,1
65459,2
65458,1
65462,2
65461,2
65463,2
65464,2
65465,2
65466,2
65469,2
65467,1
65468,2
65471,2
65472,1
65474,2
65475,1
65473,1
65477,2
65476,1
65478,2
65479,1
65480,2
65481,1
65483,1
65484,2
65482,2
65485,2
65486,1
65487,1
65488,2
65470,1
65490,2
65491,1
65489,1
65493,2
65492,2
65495,1
65494,1
65498,2
65497,2
65496,1
65499,1
65502,2
65501,1
65500,2
65504,1
65503,2
65505,2
65506,2
65507,1
65510,2
65508,2
65511,2
65509,1
65512,1
65516,1
65513,2
65517,2
65514,2
65515,2
65518,1
65519,2
65522,1
65520,1
65523,1
65521,1
65524,2
65526,2
65525,2
65527,2
65529,2
65530,2
65528,1
65531,1
65534,2
65532,1
65535,2
65536,1
65533,1
65538,2
65537,1
65539,2
65542,2
65540,2
65543,1
65541,1
65545,1
65546,2
65544,1
65547,1
65548,2
65550,1
65551,1
65549,1
65552,1
65553,2
65556,1
65555,1
65554,1
65557,1
65559,1
65558,2
65562,1
65561,1
65563,1
65564,2
65560,1
65566,1
65565,2
65567,1
65568,2
65570,1
65569,2
65571,1
65573,1
65572,2
65576,2
65574,1
65575,1
65579,1
65577,1
65578,1
65580,1
65581,2
65582,2
65584,2
65583,2
65585,2
65586,2
65587,2
65589,1
65588,2
65592,2
65590,1
65593,2
65591,2
65595,1
65597,2
65594,2
65596,1
65598,2
65600,2
65599,1
65602,1
65603,1
65601,1
65605,1
65606,2
65604,1
65607,2
65609,2
65608,2
65611,2
65612,1
65613,2
65614,1
65610,
65615,1
65616,2
65617,2
65619,1
65618,2
65620,2
65622,2
65621,2
65624,2
65623,1
65626,2
65627,2
65629,1
65631,2
65630,2
65632,1
65628,2
65625,2
65633,2
65635,1
65634,2
65636,2
65638,1
65637,2
65640,2
65639,1
65643,1
65642,1
65641,1
65645,2
65646,2
65647,1
65644,1
65649,1
65648,2
65650,1
65652,2
65653,2
65651,2
65654,1
65657,2
65655,2
65656,1
65658,1
65660,2
65661,1
65659,1
65662,2
65663,1
65664,2
65666,2
65665,2
65668,2
65667,1
65669,2
65670,1
65671,1
65673,2
65672,2
65674,1
65676,1
65675,1
65678,2
65679,2
65677,2
65681,1
65682,2
65680,2
65686,2
65683,2
65685,2
65687,2
65684,1
65689,2
65691,2
65688,1
65690,1
65693,1
65692,1
65697,1
65696,1
65694,1
65698,2
65695,2
65699,2
65700,1
65701,1
65704,2
65702,2
65707,2
65703,1
65705,2
65706,2
65708,1
65710,1
65711,2
65709,1
65712,1
65714,1
65716,2
65713,2
65718,1
65717,1
65720,1
65719,2
65721,2
65722,2
65723,2
65724,2
65725,2
65715,2
65726,1
65728,1
65729,1
65727,2
65731,2
65732,1
65730,1
65733,2
65734,2
65736,2
65737,1
65735,1
65739,1
65742,2
65738,2
65740,2
65743,1
65741,1
65746,2
65745,2
65744,1
65748,1
65747,2
65750,2
65749,2
65753,2
65751,2
65754,2
65752,2
65756,2
65755,2
65759,1
65757,1
65761,1
65760,1
65763,2
65764,2
65762,2
65766,2
65768,1
65765,1
65767,1
65771,1
65769,2
65770,2
65758,2
65772,1
65773,2
65774,1
65775,1
65778,2
65777,1
65780,1
65779,2
65776,2
65781,2
65785,1
65782,2
65784,1
65783,1
65787,1
65786,2
65788,2
65789,2
65790,1
65791,2
65793,2
65792,2
65795,1
65796,2
65794,1
65798,1
65799,1
65797,2
65801,1
65800,1
65802,2
65803,1
65804,1
65806,2
65805,2
65807,1
65809,2
65808,2
65811,2
65810,2
65812,1
65814,2
65813,1
65815,2
65816,2
65817,1
65818,1
65819,1
65820,1
65822,2
65823,2
65821,1
65826,2
65825,1
65824,1
65827,2
65828,2
65829,2
65830,2
65831,1
65832,2
65833,2
65835,2
65834,1
65836,2
65837,1
65839,2
65838,2
65841,2
65840,2
65842,1
65843,2
65845,1
65844,1
65846,2
65847,2
65848,2
65849,1
65850,2
65852,2
65851,1
65854,2
65856,2
65853,2
65855,2
65859,1
65858,2
65857,2
65862,1
65860,1
65861,2
65863,1
65865,2
65866,1
65867,2
65864,2
65868,1
65869,2
65870,1
65872,2
65873,2
65871,1
65874,2
65876,1
65875,1
65878,1
65877,2
65880,1
65879,1
65881,1
65883,2
65882,1
65885,1
65884,1
62938,2
65887,2
65888,2
65886,1
65891,2
65890,2
65889,1
65892,1
65893,1
65895,1
65894,1
65896,2
65897,1
65899,1
65900,2
65898,2
65901,2
65902,2
65904,2
65903,1
65907,1
65905,2
65906,1
65908,2
65909,2
65911,1
65910,2
65913,2
65914,2
65912,2
65917,1
65916,1
65915,1
65921,2
65918,2
65919,1
65922,1
65920,2
65923,1
65925,1
65924,2
65928,1
65929,2
65927,1
65926,1
65930,1
65931,2
65933,2
65932,1
65936,1
65934,1
65935,2
65937,1
65938,2
65940,1
65941,2
65943,1
65939,2
65944,2
65942,2
65945,1
65946,1
65947,1
65948,2
65949,2
65951,1
65950,2
65953,2
65952,2
65954,1
65956,2
65957,2
65955,2
65958,1
65959,2
65960,1
65961,2
65965,1
65964,1
65963,2
65966,2
65968,2
65962,2
65967,2
65971,2
65970,2
65969,1
65973,2
65972,1
65976,2
65974,2
65977,2
65975,2
65979,1
65980,2
65982,2
65983,1
65981,2
65985,2
65978,1
65987,1
65986,1
65988,2
65989,2
65990,1
65991,2
65992,2
65993,1
65995,2
65994,2
65997,1
65998,2
65996,1
65999,2
66000,1
66001,1
66002,2
66004,1
66006,2
66003,1
65984,1
66005,2
66007,1
66008,2
66010,2
66011,2
66012,1
66013,2
66009,1
66014,1
66016,1
66015,1
66017,2
66018,1
66019,1
66020,1
66021,2
66022,1
66024,2
66023,2
66025,2
66027,2
66026,1
66029,1
66028,1
66030,2
66031,2
66035,2
66032,2
66036,2
66033,1
66034,1
66037,2
65460,1
66038,2
66039,1
66040,2
66042,1
66044,1
66041,1
66043,1
66046,1
66047,1
66045,1
66048,1
66049,1
66050,1
66051,1
66052,2
66053,2
66054,1
66055,1
66057,1
66056,2
66058,2
66059,2
66061,1
66060,2
66065,2
66064,1
66063,1
66066,1
66062,2
66067,1
66068,2
66069,1
66070,2
66071,1
66072,2
66073,2
66075,2
66076,2
66078,1
66079,2
66080,2
66077,1
66074,1
66082,2
66081,2
66083,1
66084,2
66085,1
66086,2
66089,2
66088,2
66087,2
66091,2
66093,1
66090,2
66094,2
66092,2
66095,2
66097,2
66096,2
66099,1
66098,1
66100,2
66102,2
66101,2
66103,2
66106,1
66104,1
66107,1
66108,1
66105,2
66109,1
66110,2
66111,2
66114,2
66112,1
66113,1
66118,1
66115,2
66117,2
66116,2
66119,1
66122,2
66121,1
66120,1
66123,2
66125,1
66124,1
66127,1
66128,1
66126,1
66129,1
66134,2
66131,2
66133,1
66130,1
66132,2
66135,1
66136,1
66137,1
66142,1
66138,1
66139,2
66140,2
66141,1
66146,2
66143,2
66144,2
66147,2
66145,1
66148,2
66150,1
66151,2
66149,1
66152,2
66153,2
66156,2
66157,1
66155,2
66158,2
66159,2
66160,2
66163,2
66161,2
66164,1
66162,2
66165,2
66167,2
66166,1
66168,1
66169,2
66170,1
66172,2
66173,2
66171,1
66175,1
66154,1
66176,1
66174,1
66177,1
66178,2
66179,1
66181,1
66180,2
66182,2
66185,2
66184,1
66183,2
66188,2
66190,2
66186,2
66189,2
66192,1
66191,1
66193,2
66196,2
66194,2
66195,1
66198,1
66187,2
66197,1
66200,2
66199,1
66202,1
66203,2
66204,1
66201,2
66205,1
66206,1
66207,1
66209,2
66210,2
66208,1
66212,2
66213,1
66211,2
66214,2
66216,2
66217,1
66218,2
66215,2
66219,2
66221,2
66220,2
66222,1
66223,1
66224,1
66225,1
66226,1
66227,1
66230,2
66228,2
66229,2
66232,1
66233,1
66231,2
66234,2
66236,2
66235,2
66238,1
66237,1
66239,2
66241,2
66240,1
66250,1
66246,2
66245,1
66244,1
66248,2
66247,2
66242,2
66243,1
66249,1
66254,1
66252,1
66255,1
66251,1
66253,2
66256,2
66261,2
66257,1
66259,2
66260,1
66264,1
66263,1
66258,2
66262,2
66268,1
66267,1
66269,2
66270,2
66266,1
66265,2
66273,1
66272,1
66275,1
66276,2
66274,2
66271,2
66277,2
66278,1
66279,1
66282,2
66283,1
66284,1
66280,2
66281,1
66286,1
66285,2
66290,2
66287,2
66289,1
66288,1
66292,1
66291,2
66293,1
66296,1
66295,2
66294,1
66298,1
66299,1
66297,1
66301,1
66300,2
66303,2
66305,1
66302,2
66304,1
66306,1
66307,1
66309,1
66308,2
66310,2
66311,1
66313,1
66312,2
66315,1
66314,2
66316,2
66317,1
66318,2
66320,1
66319,2
66321,1
66323,2
66322,2
66325,2
66324,2
66326,1
66328,1
66330,2
66331,1
66327,2
66329,1
66332,2
66335,1
66334,1
66336,2
66333,1
66338,1
66337,1
66339,2
66341,1
66342,2
66340,1
66343,2
66345,2
66346,1
66344,2
66347,2
66349,2
66348,2
66350,1
66351,2
66352,2
66354,2
66355,1
66353,1
66356,1
66358,2
66357,2
66360,1
66359,1
66362,2
66361,2
66363,1
66365,2
66364,2
66367,1
66366,1
66369,2
66370,1
66368,1
66371,1
66372,1
66375,1
66374,2
66373,1
66377,2
66376,2
66378,1
66379,2
66382,2
66383,2
66380,1
66381,2
66384,2
66386,2
66388,2
66385,1
66387,1
66389,1
66391,2
66390,1
66393,2
66392,1
66395,1
66394,1
66397,1
66396,1
66398,2
66399,2
66400,2
66402,2
66401,2
66403,1
66405,2
66406,2
66404,2
66407,1
66408,2
66411,1
66412,2
66410,1
66409,1
66413,1
66414,2
66415,1
66417,1
66416,1
66418,1
66420,2
66419,2
66422,2
66424,2
66423,1
66425,1
66421,1
66427,2
66429,2
66428,2
66426,1
66430,1
66433,2
66432,1
66435,2
66431,2
66434,2
66437,1
66439,2
66440,2
66436,1
66438,1
66442,2
66444,1
66443,1
66441,1
66445,1
66447,2
66448,2
66446,1
66449,2
66451,1
66450,2
66453,1
66452,1
66454,2
66455,1
66457,2
66456,1
66458,1
66459,1
66461,2
66462,2
66460,1
66463,2
66464,1
66466,1
66468,2
66467,1
66471,2
66469,1
66465,2
66470,1
66472,1
66473,2
66475,2
66474,2
66476,2
66478,2
66477,2
66479,2
66480,2
66482,1
66484,2
66481,1
66483,2
66486,1
66485,2
66487,1
66488,1
66491,2
66489,1
66492,1
66490,2
66493,2
66494,2
66496,1
66495,1
66497,1
66498,1
66499,1
66500,1
66501,2
66502,2
66503,1
66506,1
66504,1
66505,2
66507,1
66510,2
66508,2
66509,2
66511,2
66513,2
66514,2
66512,2
66516,2
66515,1
66517,2
66518,2
66519,2
66521,2
66523,2
66522,1
66520,1
66524,2
66525,1
66526,2
66527,1
66528,2
66530,2
66529,2
66532,2
66533,1
66531,1
66534,2
66535,2
66537,1
66536,2
66538,2
66539,1
66540,2
66541,2
66542,2
66544,2
66543,2
66545,1
66546,1
66547,1
66551,2
66549,1
66550,1
66553,1
66552,1
66554,1
66557,2
66555,2
66556,1
66558,2
66559,2
66560,1
66548,2
66561,2
66562,1
66563,1
66564,2
66565,2
66567,2
66566,1
66568,2
66571,1
66570,2
66569,1
66572,2
66573,1
66574,1
66575,2
66577,2
66576,2
66578,1
66580,1
66579,2
66582,2
66581,1
66583,1
66584,2
66585,2
66586,2
66587,1
66589,1
66588,2
66590,1
66591,2
66592,1
66593,1
66595,1
66596,2
66597,1
66594,1
66598,1
66599,2
66601,2
66602,1
66603,2
66606,1
66607,2
66600,2
66604,1
66608,1
66609,1
66610,1
66613,2
66611,1
66612,1
66614,1
66615,2
66616,2
66618,1
66617,2
66620,2
66621,2
66619,1
66622,2
66624,1
66626,1
66623,1
66605,2
66625,2
66628,1
66627,1
66629,2
66630,2
66631,2
66633,2
66635,1
66634,2
66632,2
66636,2
66637,2
66639,1
66638,1
66640,1
66642,2
66641,1
66643,2
66644,1
66645,1
66646,1
66647,1
66649,1
66648,1
66651,1
66650,1
66652,2
66654,1
66653,2
66657,1
66655,2
66658,1
66656,1
66659,2
66660,2
66663,2
66661,2
66662,2
66665,2
66666,1
66664,1
66667,1
66668,2
66671,1
66670,2
66669,2
66674,1
66673,1
66675,2
66672,1
66677,2
66676,1
66678,1
66679,1
66681,2
66680,1
66684,1
66682,1
66685,2
66683,2
66686,2
66687,2
66688,1
66690,2
66689,1
66691,1
66692,2
66693,2
66694,2
66698,2
66697,1
66695,1
66700,2
66699,2
66696,2
66702,2
66703,2
66705,1
66704,2
66707,2
66701,2
66706,1
66710,2
66711,2
66709,2
66708,1
66713,2
66714,1
66712,2
66716,2
66715,1
66717,1
66720,2
66718,2
66719,1
66721,2
66722,2
66723,1
66724,1
66726,2
66725,1
66728,2
66727,1
66729,2
66731,1
66730,2
66732,2
66733,1
66735,2
66736,2
66734,2
66737,1
66738,2
66739,1
66740,1
66743,1
66741,1
66742,2
66746,2
66745,2
66744,1
66747,1
66748,1
66750,2
66751,2
66749,2
66752,1
66754,2
66753,1
66756,2
66755,2
66757,2
66759,2
66761,1
66758,2
66760,2
66763,2
66762,1
66765,2
66767,2
66768,1
66766,1
66771,2
66769,2
66770,2
66773,2
66772,2
66774,2
66776,2
66777,1
66775,2
66778,2
66779,2
66782,1
66780,2
66781,1
66764,2
66784,2
66783,2
66785,1
66786,2
66788,2
66787,1
66789,2
66790,2
66793,2
66792,2
66791,2
66794,2
66795,2
66796,2
66797,2
66798,1
66800,2
66801,1
66799,1
66803,2
66802,1
66804,1
66805,1
66808,2
66807,2
66810,2
66809,2
66812,1
66811,2
66814,2
66813,1
66816,1
66818,2
66817,1
66815,1
66819,1
66820,1
66806,2
66821,1
66822,1
66825,1
66823,2
66826,1
66824,2
66828,1
66830,2
66827,1
66829,2
66832,1
66831,2
66834,1
66833,2
66835,1
66839,2
66836,2
66837,2
66838,1
66842,1
66841,2
66840,2
66844,2
66843,1
66846,1
66845,2
66848,2
66850,2
66847,1
66849,1
66852,2
66851,2
66854,2
66853,2
66856,1
66855,1
66858,1
66859,2
66857,1
66860,1
66861,2
66863,2
66862,1
66865,2
66866,2
66864,1
66868,2
66869,2
66871,1
66867,1
66872,1
66870,2
66874,2
66873,2
66876,2
66875,2
66877,1
66878,2
66879,1
66880,2
66881,1
66882,1
66886,2
66883,1
66885,2
66884,2
66888,2
66889,1
66887,2
66890,2
66893,1
66891,1
66894,1
66892,2
66895,1
66896,2
66899,2
66897,1
66898,2
66901,1
66900,1
66902,1
66905,2
66903,2
66904,1
66906,2
66909,1
66908,2
66907,2
66910,1
66912,2
66911,1
66914,1
66913,1
66915,2
66916,2
66917,2
66918,2
66919,1
66921,1
66920,2
66923,1
66922,1
66924,2
66925,2
66926,1
66927,2
66928,1
66929,2
66930,2
66933,1
66931,1
66934,1
66932,2
66936,1
66937,1
66935,1
66938,1
66941,1
66940,2
66939,1
66942,1
66944,1
66943,2
66945,2
66947,2
66946,2
66948,1
66950,2
66952,2
66949,2
66951,2
66955,2
66954,1
66956,2
66957,2
66958,2
66953,1
66960,2
66961,2
66959,2
66963,1
66965,1
66964,1
66962,1
66966,1
66967,1
66968,2
66969,2
66970,1
66972,2
66971,2
66973,2
66975,2
66976,1
66974,2
66977,2
66979,2
66978,1
66980,1
66981,1
66984,1
66983,1
66982,1
66986,1
66985,2
66987,2
66988,1
66990,1
66989,1
66991,2
66992,2
66993,1
66994,2
66996,2
66998,1
66995,1
66997,2
67000,2
67001,2
67003,2
66999,2
67002,2
67004,2
67005,2
67007,2
67008,2
67006,1
67010,2
67009,2
67011,2
67014,2
67012,2
67015,1
67013,2
67016,2
67017,2
67018,1
67019,1
67022,2
67020,2
67021,2
67023,2
67024,2
67025,1
67028,2
67027,1
67026,2
67029,2
67030,1
67032,2
67033,1
67034,1
67035,2
67031,1
67036,1
67037,1
67040,2
67038,2
67039,2
67043,1
67044,1
67041,1
67045,1
67042,1
67046,2
67048,2
67047,2
67051,1
67050,2
67049,2
67052,1
67053,1
67055,2
67056,1
67057,2
67054,2
67058,1
67060,1
67059,2
67062,1
67063,2
67061,1
67064,2
67065,2
67066,2
67068,2
67070,1
67067,2
67069,2
67071,2
67072,1
67073,2
67074,1
67075,2
67076,2
67079,1
67078,2
67077,1
67082,2
67080,1
67081,2
67083,1
67086,2
67087,1
67085,2
67088,2
67084,1
67091,2
67089,2
67092,1
67090,1
67095,1
67093,2
67096,1
67094,2
67098,1
67097,1
67100,2
67099,2
67102,2
67101,1
67103,1
67106,1
67107,1
67105,1
67109,1
67108,2
67110,1
67111,1
67112,2
67114,2
67113,1
67116,1
67115,2
67118,1
67104,1
67117,1
67120,2
67119,2
67122,1
67121,1
67125,2
67124,2
67123,2
67126,1
67127,1
67128,2
67129,1
67130,1
67132,1
67133,2
67131,1
67134,1
67135,1
67138,2
67136,2
67140,1
67137,1
67139,2
67141,2
67142,2
67143,1
67144,1
67146,2
67145,2
67148,2
67149,2
67150,1
67147,2
67153,2
67152,1
67151,2
67155,2
67156,2
67154,2
67157,1
67158,1
67159,1
67160,2
67161,2
67162,2
67163,1
67164,1
67165,1
67166,1
67167,2
67169,2
67168,2
67170,2
67171,2
67172,2
67174,2
67173,2
67176,1
67177,2
67175,2
67179,2
67178,2
67181,1
67180,1
67183,2
67185,2
67186,1
67184,1
67182,1
67188,1
67189,2
67187,1
67190,1
67192,2
67191,2
67193,2
67194,2
67197,1
67195,2
67198,1
67199,1
67196,2
67200,2
67203,1
67202,2
67201,1
67206,2
67205,2
67204,2
67208,1
67209,2
67210,2
67212,1
67211,1
67213,2
67214,1
67215,2
67216,2
67217,1
67220,2
67207,2
67219,2
67221,2
67218,2
67222,1
67224,2
67225,2
67223,2
67227,1
67228,1
67226,2
67229,2
67231,2
67232,2
67233,2
67230,2
67234,1
67237,1
67235,2
67236,1
67238,2
67239,2
67241,1
67240,2
67245,2
67242,1
67246,1
67244,2
67247,2
67248,1
67250,1
67251,2
67249,1
67252,2
67255,2
67254,2
67253,1
67243,1
67257,2
67256,1
67259,2
67260,2
67258,1
67263,2
67262,2
67261,2
67264,2
67266,1
67269,1
67265,2
67268,1
67267,1
67271,1
67272,2
67270,1
67274,1
67275,1
67276,1
67277,1
67278,2
67279,2
67273,2
67282,2
67281,1
67280,2
67283,2
67284,1
67285,1
67288,1
67287,2
67286,2
67289,2
67291,2
67292,1
67290,2
67293,2
67294,2
67295,2
67297,2
67298,1
67296,1
67300,2
67301,2
67299,1
67304,1
67303,1
67305,2
67302,2
67306,1
67310,2
67308,1
67307,1
67313,2
67309,1
67314,1
67311,1
67312,2
67315,2
67318,1
67316,1
67319,2
67320,1
67317,1
67322,1
67323,2
67321,2
67324,2
67327,2
67326,2
67328,1
67325,2
67330,2
67329,1
67331,1
67333,2
67334,2
67335,2
67332,2
67336,2
67338,1
67337,1
67339,2
67340,2
67342,1
67343,1
67345,2
67344,2
67346,1
67347,2
67341,2
67348,2
67349,1
67350,2
67352,1
67351,2
67355,1
67357,2
67354,1
67358,2
67356,1
67360,1
67359,2
67353,1
67361,2
67362,2
67363,2
67364,1
67366,1
67365,1
67367,1
67371,2
67368,1
67370,2
67369,2
67374,1
67373,1
67372,2
67377,1
67379,2
67376,1
67375,1
67380,2
67378,1
67383,1
67381,2
67384,1
67382,2
67385,1
67387,2
67388,1
67386,2
67389,1
67392,1
67390,1
67391,1
67394,2
67393,1
67395,2
67398,2
67396,2
67397,2
67399,1
67400,1
67402,1
67401,2
67405,1
67404,2
67403,1
67406,2
67407,2
67408,1
67409,2
67410,2
67412,2
67411,2
67414,2
67413,2
67415,1
67416,1
67418,2
67419,1
67417,1
67420,1
67422,1
67421,1
67423,1
67425,1
67427,2
67426,1
67424,2
67429,2
67428,2
67431,2
67432,2
67430,2
67435,2
67433,2
67434,2
67436,1
67437,1
67438,2
67440,2
67442,2
67441,2
67443,1
67444,1
67446,2
67447,2
67449,1
67448,1
67445,2
67450,1
67451,2
67454,1
67453,1
67452,2
67456,2
67455,1
67459,1
67457,1
67460,1
67458,1
67462,2
67461,1
67463,2
67465,1
67466,2
67464,1
67468,1
67467,1
67469,2
67439,2
67470,1
67471,1
67472,2
67473,1
67475,1
67474,2
67476,1
67477,1
67480,2
67479,2
67478,1
67483,1
67482,2
67484,1
67481,2
67486,2
67487,1
67485,1
67488,1
67489,2
67491,1
67490,1
67493,2
67494,2
67492,2
67497,1
67495,1
67496,1
67498,2
67501,1
67500,2
67499,2
67502,2
67505,1
67504,2
67503,2
67506,2
67507,1
67508,2
67510,1
67511,1
67509,1
67513,1
67512,1
67516,2
67515,2
67517,1
67518,1
67514,2
67520,2
67519,2
67523,1
67522,2
67521,2
67524,1
67525,1
67528,1
67526,1
67530,2
67527,1
67529,1
67532,2
67531,2
67533,2
67534,2
67536,2
67537,2
67535,2
67539,1
67538,1
67540,2
67543,2
67541,1
67542,1
67544,2
67545,2
67547,2
67546,1
67548,2
67549,2
67550,1
67551,1
67553,1
67552,2
67554,2
67555,2
67556,1
67557,2
67558,2
67559,2
67561,1
67560,2
67562,2
67563,1
67567,2
67564,2
67565,1
67566,2
67569,2
67568,2
67570,2
67571,2
67573,1
67572,1
67574,1
67575,1
67576,1
67577,2
67579,1
67582,1
67581,2
67578,1
67580,1
67584,2
67583,1
67586,2
67585,1
67587,2
67590,2
67588,1
67589,2
67591,2
67594,2
67592,2
67593,1
67595,1
67596,1
67598,1
67600,1
67599,1
67601,2
67603,1
67597,1
67605,1
67602,1
67604,1
67607,1
67608,2
67606,1
67609,1
67612,2
67610,1
67611,1
67613,2
67615,1
67616,1
67617,1
67619,2
67618,2
67614,1
67620,2
67621,2
67622,2
67625,2
67624,2
67623,2
67627,2
67629,2
67626,2
67628,2
67630,2
67632,1
67633,1
67634,1
67631,2
67635,2
67636,1
67638,1
67640,1
67637,1
67639,1
67641,1
67642,1
67643,2
67644,2
67645,2
67648,1
67647,2
67646,2
67650,2
67651,1
67652,2
67649,2
67654,2
67656,1
67653,1
67655,1
67657,2
67659,2
67658,1
67661,1
67662,2
67665,2
67663,1
67667,1
67664,1
67666,2
67660,2
67668,2
67669,2
67670,2
67671,1
67674,1
67676,1
67672,1
67673,1
67675,1
67677,1
67679,1
67680,1
67678,1
67681,2
67682,1
67684,2
67685,1
67683,1
67686,1
67687,1
67689,1
67688,2
67690,1
67691,1
67692,2
67695,2
67693,1
67696,2
67694,2
67697,2
67699,1
67700,1
67701,1
67698,1
67702,2
67704,2
67703,2
67705,2
67707,1
67706,2
67709,1
67710,1
67711,1
67713,2
67715,2
67714,1
67718,1
67716,1
67717,1
67720,2
67719,1
67721,1
67722,2
67723,1
67724,1
67725,2
67727,2
67712,1
67726,2
67708,2
67729,1
67728,2
67731,2
67730,2
67732,1
67733,2
67734,1
67736,1
67737,2
67735,1
67738,1
67740,1
67739,1
67741,1
67743,2
67744,1
67742,1
67746,2
67745,1
67749,2
67747,2
67748,2
67751,1
67752,2
67750,2
67753,2
67756,1
67754,2
67755,1
67758,1
67757,1
67759,2
67760,1
67761,1
67763,2
67764,1
67762,1
67766,2
67765,2
67769,1
67767,2
67770,2
67768,1
67772,2
67771,2
67773,2
67776,2
67774,1
67775,2
67777,2
67779,2
67778,2
67781,1
67782,1
67780,1
67783,2
67784,2
67786,2
67788,1
67787,2
67789,1
67785,2
67790,1
67791,1
67793,2
67792,2
67795,1
67794,2
67796,2
67800,2
67799,1
67798,2
67797,1
67802,2
67801,1
67804,1
67805,2
67803,2
67807,1
67809,1
67806,2
67808,2
67810,2
67811,2
67813,1
67814,2
67816,2
67815,1
67819,1
67817,1
67818,2
67812,1
67821,2
67822,2
67820,2
67823,2
67824,1
67827,2
67828,2
67826,2
67825,1
67830,2
67829,1
67833,2
67836,1
67831,1
67837,2
67834,2
67835,1
67839,1
67838,2
67832,1
67843,1
67840,2
67844,1
67841,2
67842,1
67846,1
67847,2
67845,1
67849,1
67848,2
67851,1
67850,2
67854,2
67853,1
67852,2
67855,1
67856,2
67857,1
67859,2
67858,2
67860,2
67861,1
67863,2
67864,1
67862,2
67866,2
67865,1
67868,1
67867,2
67870,1
67869,1
67871,1
67873,2
67875,2
67874,1
67876,2
67872,1
67877,2
67878,1
67880,1
67881,1
67879,2
67882,1
67883,2
67885,2
67884,2
67887,1
67888,2
67886,2
67889,2
67890,1
67892,2
67891,2
67893,1
67895,2
67894,2
67897,2
67896,2
67898,1
67901,2
67900,1
67899,1
67904,2
67903,2
67902,2
67905,2
67906,2
67907,1
67908,1
67911,2
67909,1
67912,2
67910,1
67914,1
67913,1
67915,2
67916,2
67919,2
67918,1
67917,2
67920,2
67921,2
67923,2
67925,1
67922,1
67926,2
67924,1
67928,1
67931,1
67932,1
67929,2
67930,1
67933,2
67934,1
67935,1
67938,2
67937,2
67936,2
67927,2
67940,2
67939,1
67942,1
67941,1
67943,2
67945,2
67944,2
67946,2
67947,2
67949,1
67948,2
67952,2
67953,2
67950,1
67951,2
67954,1
67956,1
67958,1
67955,2
67957,1
67960,2
67959,2
67961,1
67962,1
67963,2
67966,1
67965,2
67964,1
67969,1
67968,2
67970,1
67967,1
67972,1
67971,1
67974,2
67973,2
67975,2
67977,2
67976,2
67978,1
67979,2
67980,2
67982,1
67981,1
67984,2
67985,1
67983,1
67986,1
67987,1
67989,1
67988,1
67991,2
67992,2
67990,1
67993,2
67994,2
67996,1
67997,1
67995,2
67998,1
68001,1
67999,1
68000,2
68002,2
68004,1
68003,1
68006,1
68007,1
68005,1
68008,1
68009,2
68012,1
68011,1
68010,2
68013,2
68014,2
68015,2
68016,1
68018,1
68021,2
68020,1
68023,2
68024,2
68022,2
68027,2
68026,1
68019,2
68025,2
68028,2
68017,1
68030,1
68032,2
68029,2
68033,1
68035,1
68034,1
68036,1
68038,2
68039,1
68037,2
68042,2
68040,2
68041,1
68044,2
68043,1
68045,1
68048,2
68047,1
68049,1
68051,2
68031,1
68050,1
68046,1
68052,1
68053,1
68054,2
68055,1
68056,2
68058,1
68057,1
68059,1
68060,2
68061,2
68063,1
68062,1
68065,2
68066,2
68064,2
68067,1
68069,2
68068,1
68070,1
68072,1
68073,2
68071,1
68074,2
68075,2
68078,1
68079,2
68076,1
68077,2
68080,2
68081,1
68082,1
68085,2
68083,2
68084,2
68087,1
68086,2
68089,1
68088,2
68091,1
68090,2
68092,1
68094,1
68096,2
68093,2
68095,2
68098,2
68100,2
68097,2
68099,2
68101,1
68102,1
68105,2
68104,2
68103,1
68107,2
68109,1
68108,2
68106,1
68111,1
68112,1
68110,1
68113,1
68114,1
68115,2
68117,1
68120,2
68118,2
68119,2
68121,2
68122,2
68124,2
68123,2
68126,2
68127,1
68116,1
68125,1
68129,1
68128,1
68130,2
68132,2
68133,2
68131,2
68135,1
68134,1
68137,2
68136,2
68139,2
68140,2
68138,1
68143,2
68141,2
68142,1
68145,1
68147,1
68148,2
68150,2
68146,2
68149,1
68152,1
68151,1
68153,2
68155,1
68154,2
68157,2
68158,1
68159,1
68160,1
68156,1
68162,2
68163,2
68161,2
68164,2
68166,1
68165,1
68144,1
68168,2
68167,1
68170,1
68172,2
68173,1
68171,1
68169,1
68176,1
68175,1
68177,1
68174,1
68178,2
68179,1
68180,1
68182,2
68181,1
68183,1
68184,1
68185,2
68187,1
68186,2
68189,1
68188,2
68190,2
68192,1
68191,2
68193,1
68194,2
68196,2
68197,1
68199,1
68195,1
68198,1
68200,1
68202,1
68201,1
68203,1
68204,1
68206,1
68207,2
68205,1
68210,1
68208,1
68212,2
68211,2
68209,2
68215,2
68213,1
68214,1
68217,2
68216,1
68219,2
68221,2
68220,2
68222,2
68218,2
68223,1
